{
    "params": {
        "scene": "GROCERY_0004",
        "color": "green",
        "size": 82.19937632183489,
        "aspect_ratio": 1.6728295391511312,
        "profile_irregularity": 0.12368651731485986,
        "depth": 1.7873463705480688,
        "frame_rate": 24,
        "video_duration": 5.639175592675301,
        "random_seed": 330066935
    }
}