{
    "params": {
        "scene": "WAREHOUSE_0003",
        "color": "transparent",
        "size": 43.772226964700664,
        "aspect_ratio": 1.3110816346283931,
        "profile_irregularity": 0.24298518700248517,
        "depth": 1.1769633429575075,
        "frame_rate": 24,
        "video_duration": 10.518760665474966,
        "random_seed": 626530632
    }
}