{
    "params": {
        "scene": "WAREHOUSE_0004",
        "color": "transparent",
        "size": 100,
        "aspect_ratio": 1.731357617774412,
        "profile_irregularity": 0.458502832144838,
        "depth": 1.1188800414578868,
        "frame_rate": 24,
        "video_duration": 10.99781075915193,
        "random_seed": 465231991
    }
}