{
    "params": {
        "scene": "WAREHOUSE_0003",
        "color": "green",
        "size": 76.95707799665985,
        "aspect_ratio": 1.7198607029574426,
        "profile_irregularity": 0.13646555005900468,
        "depth": 1,
        "frame_rate": 24,
        "video_duration": 8.808132769152234,
        "random_seed": 370399403
    }
}