{
    "params": {
        "scene": "GROCERY_0001",
        "color": "transparent",
        "size": 11.521042592388667,
        "aspect_ratio": 2.0117850778806687,
        "profile_irregularity": 0.44153087105136357,
        "depth": 1.9962720532190281,
        "frame_rate": 24,
        "video_duration": 6.300116038172532,
        "random_seed": 1560628111
    }
}