{
    "params": {
        "scene": "WAREHOUSE_0002",
        "color": "dark_green",
        "size": 65.96989464270803,
        "aspect_ratio": 1.5199527567236686,
        "profile_irregularity": 0.38911131647724145,
        "depth": 1.4371350457473535,
        "frame_rate": 24,
        "video_duration": 9.080591330999763,
        "random_seed": 204769529
    }
}