{
    "params": {
        "scene": "HOSPITAL_0001",
        "color": "red",
        "size": 60.610604459815804,
        "aspect_ratio": 1.5950890812715735,
        "profile_irregularity": 0.5595483869329015,
        "depth": 1.271539600122951,
        "frame_rate": 24,
        "video_duration": 6.585034083578758,
        "random_seed": 379568411
    }
}