{
    "params": {
        "scene": "STORE_0002",
        "color": "red",
        "size": 71.37736852804558,
        "aspect_ratio": 1.0222971168008035,
        "profile_irregularity": 0.09872495512455753,
        "depth": 1.4669463597845143,
        "frame_rate": 24,
        "video_duration": 6.802588978071056,
        "random_seed": 42176839
    }
}