{
    "params": {
        "scene": "GROCERY_0004",
        "color": "transparent",
        "size": 64.36095136335751,
        "aspect_ratio": 1.7693962852460674,
        "profile_irregularity": 0.51741396212062,
        "depth": 1.2301570384797036,
        "frame_rate": 24,
        "video_duration": 6.7972952942102705,
        "random_seed": 1913547907
    }
}