{
    "params": {
        "scene": "WAREHOUSE_0002",
        "color": "transparent",
        "size": 55.973824867116875,
        "aspect_ratio": 1.6045028340363057,
        "profile_irregularity": 0.42866502916123406,
        "depth": 1.1199460474280118,
        "frame_rate": 24,
        "video_duration": 7.412871116107123,
        "random_seed": 69373708
    }
}