{
    "params": {
        "scene": "HOSPITAL_0001",
        "color": "transparent",
        "size": 56.742359029960134,
        "aspect_ratio": 1.2998782244951614,
        "profile_irregularity": 0.16931515982795514,
        "depth": 1.1347746187122756,
        "frame_rate": 24,
        "video_duration": 7.686202930171161,
        "random_seed": 183577223
    }
}