{
    "params": {
        "scene": "HOSPITAL_0001",
        "color": "transparent",
        "size": 64.08089599613652,
        "aspect_ratio": 1.830355785718546,
        "profile_irregularity": 0.7038497036390217,
        "depth": 1.07586655090313,
        "frame_rate": 24,
        "video_duration": 7.959990714156813,
        "random_seed": 1137056080
    }
}