{
    "params": {
        "scene": "STORE_0003",
        "color": "transparent",
        "size": 88.61442190443975,
        "aspect_ratio": 1.5807583245183625,
        "profile_irregularity": 0.4426235544881081,
        "depth": 1.321180198534417,
        "frame_rate": 24,
        "video_duration": 9.322033818328517,
        "random_seed": 192970447
    }
}