{
    "params": {
        "scene": "STORE_0002",
        "color": "dark_green",
        "size": 33.27380133961338,
        "aspect_ratio": 1.6953565935128958,
        "profile_irregularity": 0.41536086031220754,
        "depth": 1.5610049341375374,
        "frame_rate": 24,
        "video_duration": 7.648944151048877,
        "random_seed": 449185980
    }
}