{
    "params": {
        "scene": "HOSPITAL_0001",
        "color": "transparent",
        "size": 83.49791248150908,
        "aspect_ratio": 1.8889733098305868,
        "profile_irregularity": 0.2234267962858609,
        "depth": 1.7610264470272032,
        "frame_rate": 24,
        "video_duration": 6.687178979115624,
        "random_seed": 1467970320
    }
}