{
    "params": {
        "scene": "STORE_0004",
        "color": "transparent",
        "size": 58.074504608814536,
        "aspect_ratio": 1.7040867002700846,
        "profile_irregularity": 0.31283797541792013,
        "depth": 1.5006169584605749,
        "frame_rate": 24,
        "video_duration": 7.661080022811286,
        "random_seed": 1289942460
    }
}