{
    "params": {
        "scene": "STORE_0001",
        "color": "red",
        "size": 46.28758820037165,
        "aspect_ratio": 1.565239054723894,
        "profile_irregularity": 0.05733693649529442,
        "depth": 1.3492620467310448,
        "frame_rate": 24,
        "video_duration": 9.514068841273836,
        "random_seed": 1683657865
    }
}