{
    "params": {
        "scene": "HOSPITAL_0001",
        "color": "green",
        "size": 99.463463427043,
        "aspect_ratio": 1.4685058161185425,
        "profile_irregularity": 0.27760829358291694,
        "depth": 1.6363817434149703,
        "frame_rate": 24,
        "video_duration": 8.20716266065149,
        "random_seed": 1989110531
    }
}