{
    "params": {
        "scene": "GROCERY_0003",
        "color": "transparent",
        "size": 66.5913307052972,
        "aspect_ratio": 1.4204103700411967,
        "profile_irregularity": 0.3028957472508705,
        "depth": 1.3966944414874582,
        "frame_rate": 24,
        "video_duration": 8.497557766814886,
        "random_seed": 663802985
    }
}