{
    "params": {
        "scene": "WAREHOUSE_0002",
        "color": "transparent",
        "size": 36.38613529719611,
        "aspect_ratio": 1.157432551031526,
        "profile_irregularity": 0.3926057948368715,
        "depth": 1.3245451163045883,
        "frame_rate": 24,
        "video_duration": 10.74272426430298,
        "random_seed": 1791967885
    }
}