{
    "params": {
        "scene": "HOSPITAL_0003",
        "color": "transparent",
        "size": 42.61152353437793,
        "aspect_ratio": 1.6506876276103823,
        "profile_irregularity": 0.5422418955336652,
        "depth": 1.8957788810029397,
        "frame_rate": 24,
        "video_duration": 7.379186378795053,
        "random_seed": 94524735
    }
}