{
    "params": {
        "scene": "GROCERY_0002",
        "color": "dark_green",
        "size": 59.23071828575397,
        "aspect_ratio": 1.5350908154064433,
        "profile_irregularity": 0.36786905665881814,
        "depth": 1.6034021880268714,
        "frame_rate": 24,
        "video_duration": 9.394635046454892,
        "random_seed": 1617425702
    }
}