{
    "params": {
        "scene": "WAREHOUSE_0002",
        "color": "green",
        "size": 41.260061213749154,
        "aspect_ratio": 2.1662501958523954,
        "profile_irregularity": 0.19719806125529113,
        "depth": 1.4449323330676074,
        "frame_rate": 24,
        "video_duration": 9.00630856301444,
        "random_seed": 2005803774
    }
}