{
    "params": {
        "scene": "GROCERY_0002",
        "color": "green",
        "size": 52.29182795664846,
        "aspect_ratio": 1.7846417959002205,
        "profile_irregularity": 0.38075639342931866,
        "depth": 1.2543529413324608,
        "frame_rate": 24,
        "video_duration": 8.05981802363145,
        "random_seed": 92627793
    }
}