{
    "params": {
        "scene": "STORE_0003",
        "color": "red",
        "size": 24.872502667743117,
        "aspect_ratio": 1.9085527466026606,
        "profile_irregularity": 0.4530204064968606,
        "depth": 1.4743896769328961,
        "frame_rate": 24,
        "video_duration": 8.000297341502916,
        "random_seed": 1261380814
    }
}