{
    "params": {
        "scene": "HOSPITAL_0003",
        "color": "dark_green",
        "size": 49.34495502784187,
        "aspect_ratio": 1.602989197286918,
        "profile_irregularity": 0.4947716901774071,
        "depth": 1.8789551173901502,
        "frame_rate": 24,
        "video_duration": 8.329562469635537,
        "random_seed": 444243215
    }
}