{
    "params": {
        "scene": "GROCERY_0001",
        "color": "transparent",
        "size": 72.47813152287793,
        "aspect_ratio": 1.4920922421757714,
        "profile_irregularity": 0.31197434370179783,
        "depth": 1,
        "frame_rate": 24,
        "video_duration": 5.274609309815121,
        "random_seed": 1518506397
    }
}