{
    "params": {
        "scene": "WAREHOUSE_0003",
        "color": "transparent",
        "size": 44.54933634292912,
        "aspect_ratio": 2.0499845583592142,
        "profile_irregularity": 0.17367410128083235,
        "depth": 1.793929944428038,
        "frame_rate": 24,
        "video_duration": 7.433150336876889,
        "random_seed": 1908267175
    }
}