{
    "params": {
        "scene": "GROCERY_0003",
        "color": "red",
        "size": 54.82461967035173,
        "aspect_ratio": 1.5091348293903348,
        "profile_irregularity": 0.4876895251982809,
        "depth": 1.2587507139393592,
        "frame_rate": 24,
        "video_duration": 8.755358367045835,
        "random_seed": 465865975
    }
}