{
    "params": {
        "scene": "GROCERY_0001",
        "color": "green",
        "size": 33.847526584704404,
        "aspect_ratio": 1.8260278953429072,
        "profile_irregularity": 0.05949475220376155,
        "depth": 1.45707110305363,
        "frame_rate": 24,
        "video_duration": 7.798171872835703,
        "random_seed": 722946137
    }
}