{
    "params": {
        "scene": "WAREHOUSE_0003",
        "color": "dark_green",
        "size": 53.483623674339896,
        "aspect_ratio": 1.2250866079714997,
        "profile_irregularity": 0.6451876909960659,
        "depth": 1.7196692899104509,
        "frame_rate": 24,
        "video_duration": 9.759415419450697,
        "random_seed": 121259393
    }
}