{
    "params": {
        "scene": "HOSPITAL_0003",
        "color": "transparent",
        "size": 29.430486165936028,
        "aspect_ratio": 1.7648465550618886,
        "profile_irregularity": 0.7115905348056506,
        "depth": 1.1364101207449377,
        "frame_rate": 24,
        "video_duration": 6.108475783216284,
        "random_seed": 938025546
    }
}