{
    "params": {
        "scene": "GROCERY_0001",
        "color": "transparent",
        "size": 23.293621420737598,
        "aspect_ratio": 1.5110923674843613,
        "profile_irregularity": 0.3619988822912203,
        "depth": 1.3245779711034065,
        "frame_rate": 24,
        "video_duration": 9.65978120771576,
        "random_seed": 1670786422
    }
}