{
    "params": {
        "scene": "HOSPITAL_0003",
        "color": "transparent",
        "size": 66.48769541587137,
        "aspect_ratio": 1.289557814845139,
        "profile_irregularity": 0.1562213377866582,
        "depth": 1.184279848481829,
        "frame_rate": 24,
        "video_duration": 8.47129067441077,
        "random_seed": 1708172442
    }
}