{
    "params": {
        "scene": "GROCERY_0004",
        "color": "transparent",
        "size": 50.738958713063305,
        "aspect_ratio": 1.2966662022752105,
        "profile_irregularity": 0.5022466810972492,
        "depth": 1.102545083541927,
        "frame_rate": 24,
        "video_duration": 7.600268054592645,
        "random_seed": 2078027060
    }
}