{
    "params": {
        "scene": "WAREHOUSE_0004",
        "color": "green",
        "size": 86.41780602004306,
        "aspect_ratio": 1.5604333804709776,
        "profile_irregularity": 1,
        "depth": 1.5041755831741306,
        "frame_rate": 24,
        "video_duration": 7.678501842228281,
        "random_seed": 1288957647
    }
}