{
    "params": {
        "scene": "HOSPITAL_0003",
        "color": "transparent",
        "size": 65.69795002224649,
        "aspect_ratio": 1.3233917793406225,
        "profile_irregularity": 0.07037034197280106,
        "depth": 1,
        "frame_rate": 24,
        "video_duration": 7.217455614792756,
        "random_seed": 1430629302
    }
}