{
    "params": {
        "scene": "WAREHOUSE_0001",
        "color": "green",
        "size": 61.02762382129116,
        "aspect_ratio": 1.7880085239698134,
        "profile_irregularity": 0.61075299242595,
        "depth": 1.83121119076352,
        "frame_rate": 24,
        "video_duration": 7.035116092722128,
        "random_seed": 329451163
    }
}