{
    "params": {
        "scene": "WAREHOUSE_0004",
        "color": "transparent",
        "size": 100,
        "aspect_ratio": 2.3434316435744114,
        "profile_irregularity": 0.5387013517859618,
        "depth": 1.08051501043377,
        "frame_rate": 24,
        "video_duration": 9.386461372824758,
        "random_seed": 121967627
    }
}