{
    "params": {
        "scene": "STORE_0003",
        "color": "transparent",
        "size": 36.54470785753761,
        "aspect_ratio": 2.1561665907959693,
        "profile_irregularity": 0.4126391036106267,
        "depth": 1.5039809472074175,
        "frame_rate": 24,
        "video_duration": 7.6989344034207114,
        "random_seed": 610958307
    }
}