{
    "params": {
        "scene": "WAREHOUSE_0002",
        "color": "transparent",
        "size": 32.86679321621425,
        "aspect_ratio": 1.4354087664611366,
        "profile_irregularity": 0.4426264097137339,
        "depth": 1.547612714408481,
        "frame_rate": 24,
        "video_duration": 7.858167635079077,
        "random_seed": 1721968913
    }
}