{
    "params": {
        "scene": "WAREHOUSE_0004",
        "color": "transparent",
        "size": 46.87132910627226,
        "aspect_ratio": 1.4869355274220624,
        "profile_irregularity": 0.286851816461114,
        "depth": 1.7907486236442764,
        "frame_rate": 24,
        "video_duration": 8.265305625036328,
        "random_seed": 1196160384
    }
}