{
    "params": {
        "scene": "GROCERY_0004",
        "color": "transparent",
        "size": 96.98628621398835,
        "aspect_ratio": 1.8937070083438357,
        "profile_irregularity": 0.2486128347636483,
        "depth": 1.590717161768486,
        "frame_rate": 24,
        "video_duration": 5.472807419609934,
        "random_seed": 143590656
    }
}