{
    "params": {
        "scene": "STORE_0001",
        "color": "transparent",
        "size": 37.27857512459251,
        "aspect_ratio": 1.6605722618593293,
        "profile_irregularity": 0.3525775479497519,
        "depth": 1.3811292058860178,
        "frame_rate": 24,
        "video_duration": 6.663707316962981,
        "random_seed": 1098209003
    }
}