{
    "params": {
        "scene": "GROCERY_0001",
        "color": "red",
        "size": 72.78264875391007,
        "aspect_ratio": 2.2612563130080954,
        "profile_irregularity": 0.6036820010475233,
        "depth": 1.3301373572951458,
        "frame_rate": 24,
        "video_duration": 6.074736797358501,
        "random_seed": 1631114099
    }
}