{
    "params": {
        "scene": "GROCERY_0001",
        "color": "transparent",
        "size": 32.16991874167266,
        "aspect_ratio": 1.7103860448722976,
        "profile_irregularity": 0.42868619866619734,
        "depth": 2.073743136601281,
        "frame_rate": 24,
        "video_duration": 7.698361836100328,
        "random_seed": 1966951830
    }
}