{
    "params": {
        "scene": "STORE_0001",
        "color": "transparent",
        "size": 72.85893402212321,
        "aspect_ratio": 1.6642134315902841,
        "profile_irregularity": 0.011024715578012101,
        "depth": 1.0636699690511096,
        "frame_rate": 24,
        "video_duration": 9.949591888653865,
        "random_seed": 1718911737
    }
}