{
    "params": {
        "scene": "WAREHOUSE_0003",
        "color": "transparent",
        "size": 62.58988566897015,
        "aspect_ratio": 2.292719601165852,
        "profile_irregularity": 0.2349620823158361,
        "depth": 1.7362182666153516,
        "frame_rate": 24,
        "video_duration": 8.892608657914737,
        "random_seed": 1317798541
    }
}