{
    "params": {
        "scene": "GROCERY_0004",
        "color": "transparent",
        "size": 53.08497508638031,
        "aspect_ratio": 2.0140715031230774,
        "profile_irregularity": 0.10057829708908361,
        "depth": 1.3405654411960681,
        "frame_rate": 24,
        "video_duration": 7.167675870441743,
        "random_seed": 673848243
    }
}