{
    "params": {
        "scene": "WAREHOUSE_0003",
        "color": "red",
        "size": 50.7214077307082,
        "aspect_ratio": 2.773689217602202,
        "profile_irregularity": 0.15811389161384382,
        "depth": 1.4033754461189492,
        "frame_rate": 24,
        "video_duration": 6.614990460659597,
        "random_seed": 21214614
    }
}