{
    "params": {
        "scene": "HOSPITAL_0002",
        "color": "dark_green",
        "size": 38.12668082307817,
        "aspect_ratio": 1.4161053162372745,
        "profile_irregularity": 0.35461780275556526,
        "depth": 1.6798198084653262,
        "frame_rate": 24,
        "video_duration": 7.627897309526698,
        "random_seed": 985452990
    }
}