{
    "params": {
        "scene": "STORE_0003",
        "color": "transparent",
        "size": 17.46416180325628,
        "aspect_ratio": 2.002164485967891,
        "profile_irregularity": 0.3015775793005585,
        "depth": 1.0080868290225085,
        "frame_rate": 24,
        "video_duration": 9.620428908288378,
        "random_seed": 360879434
    }
}