{
    "params": {
        "scene": "GROCERY_0004",
        "color": "dark_green",
        "size": 41.64972884559624,
        "aspect_ratio": 1.2834873118866472,
        "profile_irregularity": 0.3495487221084152,
        "depth": 1.436053193355092,
        "frame_rate": 24,
        "video_duration": 8.782080199048298,
        "random_seed": 789744543
    }
}