{
    "params": {
        "scene": "GROCERY_0002",
        "color": "transparent",
        "size": 88.45986569015565,
        "aspect_ratio": 1.7771536195642228,
        "profile_irregularity": 0.5146955637155533,
        "depth": 1.3562697952752514,
        "frame_rate": 24,
        "video_duration": 7.397029505773543,
        "random_seed": 624669460
    }
}