{
    "params": {
        "scene": "GROCERY_0003",
        "color": "dark_green",
        "size": 77.3498774183983,
        "aspect_ratio": 1.5698310986946002,
        "profile_irregularity": 0.7411074844839123,
        "depth": 1.595224362690924,
        "frame_rate": 24,
        "video_duration": 10.280687602667985,
        "random_seed": 525498361
    }
}