{
    "params": {
        "scene": "STORE_0002",
        "color": "transparent",
        "size": 48.66418779386425,
        "aspect_ratio": 1.8775441016885102,
        "profile_irregularity": 0.3384312727379276,
        "depth": 1.5839006090315781,
        "frame_rate": 24,
        "video_duration": 6.811142208859449,
        "random_seed": 1816544257
    }
}