{
    "params": {
        "scene": "STORE_0004",
        "color": "transparent",
        "size": 41.06194056787928,
        "aspect_ratio": 1.577346812868233,
        "profile_irregularity": 0.4383832843988048,
        "depth": 1.0986323044986033,
        "frame_rate": 24,
        "video_duration": 9.010832591140677,
        "random_seed": 1841055237
    }
}