{
    "params": {
        "scene": "HOSPITAL_0002",
        "color": "transparent",
        "size": 38.98295549146971,
        "aspect_ratio": 1.3478911898448496,
        "profile_irregularity": 0.5114998425611873,
        "depth": 1.873259622134225,
        "frame_rate": 24,
        "video_duration": 6.721706044668302,
        "random_seed": 1222816623
    }
}