{
    "params": {
        "scene": "STORE_0004",
        "color": "red",
        "size": 65.14971512406622,
        "aspect_ratio": 2.0006684095055767,
        "profile_irregularity": 0.19174343593580018,
        "depth": 1.7250354039904758,
        "frame_rate": 24,
        "video_duration": 10.143445610795457,
        "random_seed": 1749916005
    }
}