{
    "params": {
        "scene": "WAREHOUSE_0001",
        "color": "transparent",
        "size": 63.72420011315955,
        "aspect_ratio": 2.033587674858624,
        "profile_irregularity": 0.7320647136613768,
        "depth": 1.3281050534324674,
        "frame_rate": 24,
        "video_duration": 8.79640733286294,
        "random_seed": 1554254474
    }
}