{
    "params": {
        "scene": "WAREHOUSE_0004",
        "color": "red",
        "size": 63.480989080310835,
        "aspect_ratio": 1.763243607699284,
        "profile_irregularity": 0.3974611548720087,
        "depth": 1.40431580529336,
        "frame_rate": 24,
        "video_duration": 7.6634844135497655,
        "random_seed": 1709012997
    }
}