{
    "params": {
        "scene": "WAREHOUSE_0003",
        "color": "transparent",
        "size": 34.73907556388548,
        "aspect_ratio": 1.9203074818203938,
        "profile_irregularity": 0.5463733428859124,
        "depth": 2.143938155193411,
        "frame_rate": 24,
        "video_duration": 8.805038663406238,
        "random_seed": 278618744
    }
}