{
    "params": {
        "scene": "STORE_0001",
        "color": "transparent",
        "size": 62.96367307028368,
        "aspect_ratio": 1.174576572354232,
        "profile_irregularity": 0.22483797847233283,
        "depth": 1.4704547265112802,
        "frame_rate": 24,
        "video_duration": 9.155840207412991,
        "random_seed": 877337649
    }
}