{
    "params": {
        "scene": "STORE_0001",
        "color": "dark_green",
        "size": 91.6788351510511,
        "aspect_ratio": 1.6556847175938856,
        "profile_irregularity": 0.47770488966502145,
        "depth": 2.150875898744912,
        "frame_rate": 24,
        "video_duration": 9.28670266042537,
        "random_seed": 1809859200
    }
}