{
    "params": {
        "scene": "STORE_0001",
        "color": "transparent",
        "size": 8.938961528635211,
        "aspect_ratio": 1.636141597987275,
        "profile_irregularity": 0.11796656716173592,
        "depth": 1.7350930795564872,
        "frame_rate": 24,
        "video_duration": 7.533799659312834,
        "random_seed": 1910326966
    }
}