{
    "params": {
        "scene": "HOSPITAL_0001",
        "color": "transparent",
        "size": 48.345046922279664,
        "aspect_ratio": 1,
        "profile_irregularity": 0.22847226383775138,
        "depth": 1.9076274866543184,
        "frame_rate": 24,
        "video_duration": 7.724947727804861,
        "random_seed": 1301096112
    }
}