{
    "params": {
        "scene": "HOSPITAL_0002",
        "color": "transparent",
        "size": 50.39292551299261,
        "aspect_ratio": 1.4854193232044728,
        "profile_irregularity": 0,
        "depth": 1.7234991020382955,
        "frame_rate": 24,
        "video_duration": 7.591853401420966,
        "random_seed": 1850500978
    }
}