{
    "params": {
        "scene": "HOSPITAL_0003",
        "color": "green",
        "size": 85.2880067766749,
        "aspect_ratio": 1.4275073488289065,
        "profile_irregularity": 0.4799216273833329,
        "depth": 1.4639140805570436,
        "frame_rate": 24,
        "video_duration": 9.513516950475127,
        "random_seed": 1423293094
    }
}