{
    "params": {
        "scene": "STORE_0004",
        "color": "transparent",
        "size": 13.21006374789809,
        "aspect_ratio": 2.0551590813089757,
        "profile_irregularity": 0.2520435458284749,
        "depth": 1.8334982465189122,
        "frame_rate": 24,
        "video_duration": 9.42307382183178,
        "random_seed": 800796549
    }
}