{
    "params": {
        "scene": "STORE_0003",
        "color": "green",
        "size": 50.71933377430166,
        "aspect_ratio": 2.140641054981246,
        "profile_irregularity": 0.10078409252058096,
        "depth": 1.5508214939210656,
        "frame_rate": 24,
        "video_duration": 7.209608448684058,
        "random_seed": 1851936470
    }
}