{
    "params": {
        "scene": "WAREHOUSE_0003",
        "color": "transparent",
        "size": 78.27602195788862,
        "aspect_ratio": 1.778391112582095,
        "profile_irregularity": 0.5987751514277853,
        "depth": 1.8324511425726202,
        "frame_rate": 24,
        "video_duration": 6.283908442623465,
        "random_seed": 1344950372
    }
}