{
    "params": {
        "scene": "GROCERY_0001",
        "color": "transparent",
        "size": 45.03676314268264,
        "aspect_ratio": 1.7016894694369267,
        "profile_irregularity": 0.27058952853897333,
        "depth": 1.3527820334971206,
        "frame_rate": 24,
        "video_duration": 8.753197652746756,
        "random_seed": 1152791510
    }
}