{
    "params": {
        "scene": "GROCERY_0002",
        "color": "red",
        "size": 22.28893317032719,
        "aspect_ratio": 1.895049849325819,
        "profile_irregularity": 0.48700396505119303,
        "depth": 1,
        "frame_rate": 24,
        "video_duration": 9.038381658899791,
        "random_seed": 2093194603
    }
}