{
    "params": {
        "scene": "WAREHOUSE_0001",
        "color": "transparent",
        "size": 26.061637034410456,
        "aspect_ratio": 1.4981337732278233,
        "profile_irregularity": 0.5894700087980114,
        "depth": 1.8106719217974063,
        "frame_rate": 24,
        "video_duration": 6.3956616804496065,
        "random_seed": 1529092798
    }
}